{"reward":2,"_wandb":{"runtime":89},"loss":34.881561279296875,"_timestamp":1.7329736760928345e+09,"_runtime":89.3111772,"_step":2553}