{"_wandb":{"runtime":91},"_step":2554,"loss":199.1246337890625,"_timestamp":1.7329727863762317e+09,"_runtime":91.3891804,"reward":0}