{"loss":91638.71875,"_timestamp":1.7329731604778955e+09,"_runtime":90.4259811,"_step":2558,"reward":2,"_wandb":{"runtime":90}}