{"loss":4.208571434020996,"reward":3,"_wandb":{"runtime":95},"_step":2665,"noop":30,"_timestamp":1.7329772619373436e+09,"_runtime":95.7046836}