{"_wandb":{"runtime":84},"loss":3.041703701019287,"_timestamp":1.7329734023955946e+09,"_runtime":84.8494838,"_step":2557,"reward":2}