{"reward":2,"_wandb":{"runtime":88},"noop":30,"_timestamp":1.7329744500993936e+09,"_runtime":88.9328964,"_step":2670,"loss":5.592965126037598}