{"reward":0,"_wandb":{"runtime":32},"noop":30,"_timestamp":1.7329743292091677e+09,"_runtime":32.5208415,"_step":367,"loss":0.08343905210494995}