{"_wandb":{"runtime":30},"noop":45,"_timestamp":1.7329740247050707e+09,"_runtime":30.6781123,"_step":367,"loss":0.018577419221401215,"reward":3}