{"_timestamp":1.7329741972595074e+09,"_runtime":32.6601659,"loss":3.1821985244750977,"_wandb":{"runtime":32},"_step":250,"noop":0}